t_s,T_in_C,RH_in_pct,T_out_C,RH_out_pct,M1_open,M2_open,M3_open
0,9.99,100.0,9.99,92.3,0,0,0
60,9.98,100.0,9.98,92.3,0,0,0
120,9.96,100.0,9.96,92.3,0,0,0
180,9.94,100.0,9.94,92.4,0,0,0
240,9.93,100.0,9.93,92.4,0,0,0
300,9.91,100.0,9.91,92.4,0,0,0
360,9.89,100.0,9.89,92.4,0,0,0
420,9.88,100.0,9.88,92.4,0,0,0
480,9.86,100.0,9.86,92.5,0,0,0
540,9.84,100.0,9.84,92.5,0,0,0
600,9.83,100.0,9.83,92.5,0,0,0
660,9.81,100.0,9.81,92.5,1,1,0
720,9.79,100.0,9.79,92.5,1,1,0
780,9.78,95.5,9.78,92.6,1,1,1
840,9.76,95.5,9.76,92.6,1,1,1
900,9.74,95.6,9.74,92.6,1,1,1
960,9.73,95.6,9.73,92.6,1,1,1
1020,9.71,95.6,9.71,92.6,1,1,1
1080,9.69,95.6,9.69,92.7,1,1,1
1140,9.68,95.7,9.68,92.7,1,1,1
1200,9.66,95.7,9.66,92.7,1,1,1
1260,9.64,95.7,9.64,92.7,1,1,1
1320,9.63,95.7,9.63,92.7,1,1,1
1380,9.61,95.7,9.61,92.8,1,1,1
1440,9.59,95.8,9.59,92.8,1,1,1
1500,9.58,95.8,9.58,92.8,1,1,1
1560,9.56,95.8,9.56,92.8,1,1,1
1620,9.54,95.8,9.54,92.8,1,1,1
1680,9.53,95.9,9.53,92.9,1,1,1
1740,9.51,95.9,9.51,92.9,1,1,1
1800,9.49,95.9,9.49,92.9,1,1,1
1860,9.48,95.9,9.48,92.9,1,1,1
1920,9.47,95.9,9.47,92.9,1,1,1
1980,9.45,95.9,9.45,92.9,1,1,1
2040,9.44,95.9,9.44,92.9,1,1,1
2100,9.43,95.9,9.43,92.9,1,1,1
2160,9.41,95.9,9.41,92.9,1,1,1
2220,9.40,95.9,9.40,92.9,1,1,1
2280,9.39,96.0,9.39,92.9,1,1,1
2340,9.37,96.0,9.37,92.9,1,1,1
2400,9.36,96.0,9.36,92.9,1,1,1
2460,9.35,96.0,9.35,92.9,1,1,1
2520,9.33,96.0,9.33,92.9,1,1,1
2580,9.32,96.0,9.32,92.9,1,1,1
2640,9.31,96.0,9.31,92.9,1,1,1
2700,9.29,96.0,9.29,93.0,1,1,1
2760,9.28,96.0,9.28,93.0,1,1,1
2820,9.27,96.0,9.27,93.0,1,1,1
2880,9.25,96.0,9.25,93.0,1,1,1
2940,9.24,96.0,9.24,93.0,1,1,1
3000,9.23,96.0,9.23,93.0,1,1,1
3060,9.21,96.0,9.21,93.0,1,1,1
3120,9.20,96.0,9.20,93.0,1,1,1
3180,9.19,96.0,9.19,93.0,1,1,1
3240,9.17,96.0,9.17,93.0,1,1,1
3300,9.16,96.1,9.16,93.0,1,1,1
3360,9.15,96.1,9.15,93.0,1,1,1
3420,9.13,96.1,9.13,93.0,1,1,1
3480,9.12,96.1,9.12,93.0,1,1,1
3540,9.11,96.1,9.11,93.0,1,1,1
3600,9.09,96.1,9.09,93.0,1,1,1
3660,9.07,96.1,9.07,93.0,1,1,1
3720,9.05,96.1,9.05,93.0,1,1,1
3780,9.03,96.1,9.03,93.0,1,1,1
3840,9.01,96.1,9.01,93.0,1,1,1
3900,8.99,96.1,8.99,92.9,1,1,1
3960,8.97,96.0,8.97,92.9,1,1,1
4020,8.95,96.0,8.95,92.9,1,1,1
4080,8.93,96.0,8.93,92.9,1,1,1
4140,8.91,96.0,8.91,92.9,1,1,1
4200,8.89,96.0,8.89,92.9,1,1,1
4260,8.87,96.0,8.87,92.9,1,1,1
4320,8.85,96.0,8.85,92.9,1,1,1
4380,8.83,96.0,8.83,92.9,1,1,1
4440,8.81,96.0,8.81,92.9,1,1,1
4500,8.79,96.0,8.79,92.8,1,1,1
4560,8.77,96.0,8.77,92.8,1,1,1
4620,8.75,96.0,8.75,92.8,1,1,1
4680,8.73,96.0,8.73,92.8,1,1,1
4740,8.71,96.0,8.71,92.8,1,1,1
4800,8.69,96.0,8.69,92.8,1,1,1
4860,8.67,96.0,8.67,92.8,1,1,1
4920,8.65,96.0,8.65,92.8,1,1,1
4980,8.63,95.9,8.63,92.8,1,1,1
5040,8.61,95.9,8.61,92.8,1,1,1
5100,8.59,95.9,8.59,92.7,1,1,1
5160,8.57,95.9,8.57,92.7,1,1,1
5220,8.55,95.9,8.55,92.7,1,1,1
5280,8.53,95.9,8.53,92.7,1,1,1
5340,8.51,95.9,8.51,92.7,1,1,1
5400,8.50,95.9,8.50,92.7,1,1,1
5460,8.49,95.9,8.49,92.7,1,1,1
5520,8.49,95.9,8.49,92.7,1,1,1
5580,8.49,95.9,8.49,92.7,1,1,1
5640,8.48,95.9,8.48,92.7,1,1,1
5700,8.48,96.0,8.48,92.7,1,1,1
5760,8.48,96.0,8.48,92.7,1,1,1
5820,8.47,96.0,8.47,92.8,1,1,1
5880,8.47,96.0,8.47,92.8,1,1,1
5940,8.47,96.0,8.47,92.8,1,1,1
6000,8.46,96.0,8.46,92.8,1,1,1
6060,8.46,96.0,8.46,92.8,1,1,1
6120,8.46,96.0,8.46,92.8,1,1,1
6180,8.45,96.0,8.45,92.8,1,1,1
6240,8.45,96.0,8.45,92.8,1,1,1
6300,8.45,96.0,8.45,92.8,1,1,1
6360,8.44,96.0,8.44,92.8,1,1,1
6420,8.44,96.0,8.44,92.8,1,1,1
6480,8.44,96.0,8.44,92.8,1,1,1
6540,8.43,96.1,8.43,92.8,1,1,1
6600,8.43,96.1,8.43,92.8,1,1,1
6660,8.43,96.1,8.43,92.8,1,1,1
6720,8.42,96.1,8.42,92.9,1,1,1
6780,8.42,96.1,8.42,92.9,1,1,1
6840,8.42,96.1,8.42,92.9,1,1,1
6900,8.41,96.1,8.41,92.9,1,1,1
6960,8.41,96.1,8.41,92.9,1,1,1
7020,8.41,96.1,8.41,92.9,1,1,1
7080,8.40,96.1,8.40,92.9,1,1,1
7140,8.40,96.1,8.40,92.9,1,1,1
7200,8.40,96.1,8.40,92.9,1,1,1
7260,8.41,96.2,8.41,92.9,1,1,1
7320,8.42,96.2,8.42,92.9,1,1,1
7380,8.42,96.2,8.42,93.0,1,1,1
7440,8.43,96.2,8.43,93.0,1,1,1
7500,8.44,96.2,8.44,93.0,1,1,1
7560,8.44,96.2,8.44,93.0,1,1,1
7620,8.45,96.2,8.45,93.0,1,1,1
7680,8.46,96.3,8.46,93.0,1,1,1
7740,8.46,96.3,8.46,93.1,1,1,1
7800,8.47,96.3,8.47,93.1,1,1,1
7860,8.48,96.3,8.48,93.1,1,1,1
7920,8.48,96.3,8.48,93.1,1,1,1
7980,8.49,96.3,8.49,93.1,1,1,1
8040,8.50,96.4,8.50,93.1,1,1,1
8100,8.50,96.4,8.50,93.2,1,1,1
8160,8.51,96.4,8.51,93.2,1,1,1
8220,8.52,96.4,8.52,93.2,1,1,1
8280,8.52,96.4,8.52,93.2,1,1,1
8340,8.53,96.4,8.53,93.2,1,1,1
8400,8.54,96.4,8.54,93.2,1,1,1
8460,8.54,96.5,8.54,93.3,1,1,1
8520,8.55,96.5,8.55,93.3,1,1,1
8580,8.56,96.5,8.56,93.3,1,1,1
8640,8.56,96.5,8.56,93.3,1,1,1
8700,8.57,96.5,8.57,93.3,1,1,1
8760,8.58,96.5,8.58,93.3,1,1,1
8820,8.58,96.6,8.58,93.4,1,1,1
8880,8.59,96.6,8.59,93.4,1,1,1
8940,8.60,96.6,8.60,93.4,1,1,1
9000,8.60,96.6,8.60,93.4,1,1,1
9060,8.60,96.6,8.60,93.4,1,1,1
9120,8.60,96.6,8.60,93.4,1,1,1
9180,8.60,96.6,8.60,93.4,1,1,1
9240,8.60,96.6,8.60,93.4,1,1,1
9300,8.60,96.6,8.60,93.4,1,1,1
9360,8.60,96.6,8.60,93.4,1,1,1
9420,8.60,96.6,8.60,93.4,1,1,1
9480,8.60,96.6,8.60,93.4,1,1,1
9540,8.60,96.6,8.60,93.4,1,1,1
9600,8.60,96.6,8.60,93.4,1,1,1
9660,8.60,96.6,8.60,93.4,1,1,1
9720,8.60,96.6,8.60,93.4,1,1,1
9780,8.60,96.6,8.60,93.4,1,1,1
9840,8.60,96.6,8.60,93.4,1,1,1
9900,8.60,96.6,8.60,93.5,1,1,1
9960,8.60,96.6,8.60,93.5,1,1,1
10020,8.60,96.6,8.60,93.5,1,1,1
10080,8.60,96.7,8.60,93.5,1,1,1
10140,8.60,96.7,8.60,93.5,1,1,1
10200,8.60,96.7,8.60,93.5,1,1,1
10260,8.60,96.7,8.60,93.5,1,1,1
10320,8.60,96.7,8.60,93.5,1,1,1
10380,8.60,96.7,8.60,93.5,1,1,1
10440,8.60,96.7,8.60,93.5,1,1,1
10500,8.60,96.7,8.60,93.5,1,1,1
10560,8.60,96.7,8.60,93.5,1,1,1
10620,8.60,96.7,8.60,93.5,1,1,1
10680,8.60,96.7,8.60,93.5,1,1,1
10740,8.60,96.7,8.60,93.5,1,1,1
10800,8.61,96.7,8.61,93.5,1,1,1
10860,8.62,96.7,8.62,93.5,1,1,1
10920,8.62,96.7,8.62,93.5,1,1,1
10980,8.63,96.7,8.63,93.5,1,1,1
11040,8.64,96.7,8.64,93.5,1,1,1
11100,8.65,96.7,8.65,93.6,1,1,1
11160,8.66,96.7,8.66,93.6,1,1,1
11220,8.68,96.7,8.68,93.6,1,1,1
11280,8.69,96.8,8.69,93.6,1,1,1
11340,8.70,96.8,8.70,93.6,1,1,1
11400,8.71,96.8,8.71,93.6,1,1,1
11460,8.71,96.8,8.71,93.6,1,1,1
11520,8.72,96.8,8.72,93.6,1,1,1
11580,8.73,96.8,8.73,93.6,1,1,1
11640,8.74,96.8,8.74,93.6,1,1,1
11700,8.76,96.8,8.76,93.7,1,1,1
11760,8.77,96.8,8.77,93.7,1,1,1
11820,8.78,96.8,8.78,93.7,1,1,1
11880,8.79,96.8,8.79,93.7,1,1,1
11940,8.79,96.8,8.79,93.7,1,1,1
12000,8.80,96.9,8.80,93.7,1,1,1
12060,8.81,96.9,8.81,93.7,1,1,1
12120,8.82,96.9,8.82,93.7,1,1,1
12180,8.84,96.9,8.84,93.7,1,1,1
12240,8.85,96.9,8.85,93.7,1,1,1
12300,8.86,96.9,8.86,93.8,1,1,1
12360,8.87,96.9,8.87,93.8,1,1,1
12420,8.88,96.9,8.88,93.8,1,1,1
12480,8.88,96.9,8.88,93.8,1,1,1
12540,8.89,96.9,8.89,93.8,1,1,1
12600,8.92,96.9,8.92,93.8,1,1,1
12660,8.96,96.9,8.96,93.8,1,1,1
12720,9.00,96.9,9.00,93.8,1,1,1
12780,9.04,96.9,9.04,93.8,1,1,1
12840,9.08,96.9,9.08,93.8,1,1,1
12900,9.12,96.9,9.12,93.8,1,1,1
12960,9.16,96.9,9.16,93.8,1,1,1
13020,9.20,96.9,9.20,93.8,1,1,1
13080,9.24,96.9,9.24,93.8,1,1,1
13140,9.28,96.9,9.28,93.8,1,1,1
13200,9.32,96.9,9.32,93.8,1,1,1
13260,9.36,96.9,9.36,93.8,1,1,1
13320,9.40,96.9,9.40,93.8,1,1,1
13380,9.44,96.9,9.44,93.8,1,1,1
13440,9.48,96.9,9.48,93.8,1,1,1
13500,9.52,96.8,9.52,93.9,1,1,1
13560,9.56,96.8,9.56,93.9,1,1,1
13620,9.60,96.8,9.60,93.9,1,1,1
13680,9.64,96.8,9.64,93.9,1,1,1
13740,9.68,96.8,9.68,93.9,1,1,1
13800,9.72,96.8,9.72,93.9,1,1,1
13860,9.76,96.8,9.76,93.9,1,1,1
13920,9.80,96.8,9.80,93.9,1,1,1
13980,9.84,96.8,9.84,93.9,1,1,1
14040,9.88,96.8,9.88,93.9,1,1,1
14100,9.92,96.8,9.92,93.9,1,1,1
14160,9.96,96.8,9.96,93.9,1,1,1
14220,10.00,96.8,10.00,93.9,1,1,1
14280,10.04,96.8,10.04,93.9,1,1,1
14340,10.08,96.8,10.08,93.9,1,1,1
14400,10.20,96.8,10.20,93.9,1,1,1
14460,10.39,96.8,10.39,93.9,1,1,1
14520,10.58,96.8,10.58,94.0,1,1,1
14580,10.78,96.7,10.78,94.0,1,1,1
14640,10.97,96.7,10.97,94.0,1,1,1
14700,11.16,96.7,11.16,94.0,1,1,1
14760,11.36,96.7,11.36,94.1,1,1,1
14820,11.55,96.7,11.55,94.1,1,1,1
14880,11.74,96.7,11.74,94.1,1,1,1
14940,11.94,96.7,11.94,94.2,1,1,1
15000,12.13,96.7,12.13,94.2,1,1,1
15060,12.32,96.7,12.32,94.2,1,1,1
15120,12.52,96.7,12.52,94.2,1,1,1
15180,12.71,96.7,12.71,94.3,1,1,1
15240,12.90,96.7,12.90,94.3,1,1,1
15300,13.10,96.7,13.10,94.3,1,1,1
15360,13.29,96.7,13.29,94.3,1,1,1
15420,13.48,96.7,13.48,94.4,1,1,1
15480,13.68,96.7,13.68,94.4,1,1,1
15540,13.87,96.7,13.87,94.4,1,1,1
15600,14.06,96.7,14.06,94.4,1,1,1
15660,14.26,96.7,14.26,94.5,1,1,1
15720,14.45,96.7,14.45,94.5,1,1,1
15780,14.64,96.7,14.64,94.5,1,1,1
15840,14.84,96.7,14.84,94.6,1,1,1
15900,15.03,96.7,15.03,94.6,1,1,1
15960,15.22,96.7,15.22,94.6,1,1,1
16020,15.42,96.7,15.42,94.6,1,1,1
16080,15.61,96.7,15.61,94.7,1,1,1
16140,15.80,96.7,15.80,94.7,1,1,1
16200,15.98,96.4,15.98,94.4,1,1,1
16260,16.13,95.9,16.13,93.9,1,1,1
16320,16.28,95.3,16.28,93.4,1,1,1
16380,16.44,94.8,16.44,92.9,1,1,1
16440,16.59,94.2,16.59,92.4,1,1,1
16500,16.74,93.7,16.74,91.9,1,1,1
16560,16.90,93.2,16.90,91.3,1,1,1
16620,17.05,92.6,17.05,90.8,1,1,1
16680,17.20,92.1,17.20,90.3,1,1,1
16740,17.36,91.6,17.36,89.8,1,1,1
16800,17.51,91.0,17.51,89.3,1,1,1
16860,17.66,90.5,17.66,88.8,1,1,1
16920,17.82,90.0,17.82,88.2,1,1,1
16980,17.97,89.4,17.97,87.7,1,1,1
17040,18.12,88.9,18.12,87.2,1,1,1
17100,18.28,92.4,18.28,86.7,1,1,0
17160,18.43,91.9,18.43,86.2,1,1,0
17220,18.58,91.3,18.58,85.7,1,1,0
17280,18.74,90.7,18.74,85.1,1,1,0
17340,18.89,90.2,18.89,84.6,1,1,0
17400,19.05,89.6,19.05,84.1,1,1,0
17460,19.20,89.0,19.20,83.6,1,1,0
17520,19.35,88.4,19.35,83.1,1,1,0
17580,19.51,87.9,19.51,82.6,1,1,0
17640,19.66,87.3,19.66,82.0,1,1,0
17700,19.81,86.7,19.81,81.5,1,1,0
17760,19.97,86.2,19.97,81.0,1,1,0
17820,20.12,85.6,20.12,80.5,1,1,0
17880,20.27,85.0,20.27,80.0,1,1,0
17940,20.43,84.5,20.43,79.4,1,1,0
18000,20.53,88.8,20.53,79.1,0,1,0
18060,20.58,88.6,20.58,78.9,0,1,0
18120,20.63,88.4,20.63,78.8,0,1,0
18180,20.68,88.2,20.68,78.6,0,1,0
18240,20.73,88.0,20.73,78.4,0,1,0
18300,20.78,87.8,20.78,78.2,0,1,0
18360,20.83,87.6,20.83,78.1,0,1,0
18420,20.88,87.4,20.88,77.9,0,1,0
18480,20.93,87.2,20.93,77.7,0,1,0
18540,20.98,87.0,20.98,77.6,0,1,0
18600,21.03,86.8,21.03,77.4,0,1,0
18660,21.08,82.0,21.08,77.2,1,1,0
18720,21.13,81.8,21.13,77.0,1,1,0
18780,21.18,81.6,21.18,76.9,1,1,0
18840,21.23,81.5,21.23,76.7,1,1,0
18900,21.28,81.3,21.28,76.5,1,1,0
18960,21.33,81.1,21.33,76.3,1,1,0
19020,21.38,80.9,21.38,76.2,1,1,0
19080,21.43,80.7,21.43,76.0,1,1,0
19140,21.48,80.5,21.48,75.8,1,1,0
19200,21.53,80.3,21.53,75.6,1,1,0
19260,21.58,80.1,21.58,75.5,1,1,0
19320,21.63,84.3,21.63,75.3,0,1,0
19380,21.68,84.1,21.68,75.1,0,1,0
19440,21.73,83.9,21.73,75.0,0,1,0
19500,21.78,83.7,21.78,74.8,0,1,0
19560,21.83,83.5,21.83,74.6,0,1,0
19620,21.88,83.3,21.88,74.4,0,1,0
19680,21.93,83.1,21.93,74.3,0,1,0
19740,21.98,82.9,21.98,74.1,0,1,0
19800,21.99,82.8,21.99,74.0,0,1,0
19860,21.97,82.8,21.97,73.9,0,1,0
19920,21.95,82.8,21.95,73.9,0,1,0
19980,21.93,82.7,21.93,73.9,0,1,0
20040,21.91,82.7,21.91,73.8,0,1,0
20100,21.89,82.7,21.89,73.8,0,1,0
20160,21.87,82.7,21.87,73.8,0,1,0
20220,21.85,82.7,21.85,73.7,0,1,0
20280,21.83,82.6,21.83,73.7,0,1,0
20340,21.81,82.6,21.81,73.7,0,1,0
20400,21.79,82.6,21.79,73.6,0,1,0
20460,21.77,82.6,21.77,73.6,0,1,0
20520,21.75,82.5,21.75,73.6,0,1,0
20580,21.73,82.5,21.73,73.5,0,1,0
20640,21.71,82.5,21.71,73.5,0,1,0
20700,21.69,82.5,21.69,73.5,0,1,0
20760,21.67,82.5,21.67,73.4,0,1,0
20820,21.65,82.4,21.65,73.4,0,1,0
20880,21.63,82.4,21.63,73.4,0,1,0
20940,21.61,82.4,21.61,73.3,0,1,0
21000,21.59,82.4,21.59,73.3,0,1,0
21060,21.57,82.3,21.57,73.3,0,1,0
21120,21.55,82.3,21.55,73.2,0,1,0
21180,21.53,82.3,21.53,73.2,0,1,0
21240,21.51,82.3,21.51,73.2,0,1,0
21300,21.49,82.3,21.49,73.1,0,1,0
21360,21.47,82.2,21.47,73.1,0,1,0
21420,21.45,82.2,21.45,73.1,0,1,0
21480,21.43,82.2,21.43,73.0,0,1,0
21540,21.41,82.2,21.41,73.0,0,1,0
21600,21.42,82.1,21.42,73.0,0,1,0
21660,21.45,77.6,21.45,72.9,1,1,0
21720,21.48,77.5,21.48,72.8,1,1,0
21780,21.52,74.1,21.52,72.7,1,1,1
21840,21.55,74.0,21.55,72.6,1,1,1
21900,21.58,73.9,21.58,72.5,1,1,1
21960,21.62,73.8,21.62,72.4,1,1,1
22020,21.65,73.7,21.65,72.3,1,1,1
22080,21.68,73.6,21.68,72.3,1,1,1
22140,21.72,73.5,21.72,72.2,1,1,1
22200,21.75,73.4,21.75,72.1,1,1,1
22260,21.78,73.3,21.78,72.0,1,1,1
22320,21.82,73.5,21.82,71.9,0,1,1
22380,21.85,73.4,21.85,71.8,0,1,1
22440,21.89,73.3,21.88,71.7,0,1,1
22500,21.92,73.2,21.92,71.7,0,1,1
22560,21.96,80.4,21.95,71.6,0,1,0
22620,22.00,80.3,21.98,71.5,0,1,0
22680,22.03,80.1,22.02,71.4,0,1,0
22740,22.07,80.0,22.05,71.3,0,1,0
22800,22.10,79.9,22.08,71.2,0,1,0
22860,22.14,79.8,22.12,71.1,0,1,0
22920,22.17,79.7,22.15,71.0,0,1,0
22980,22.20,75.4,22.18,71.0,1,1,0
23040,22.23,75.3,22.22,70.9,1,1,0
23100,22.26,75.2,22.25,70.8,1,1,0
23160,22.30,75.1,22.28,70.7,1,1,0
23220,22.33,75.0,22.32,70.6,1,1,0
23280,22.37,74.9,22.35,70.5,1,1,0
23340,22.40,74.8,22.38,70.4,1,1,0
23400,22.49,74.5,22.47,70.2,1,1,0
23460,22.63,74.1,22.61,69.8,1,1,0
23520,22.77,73.6,22.75,69.4,1,1,0
23580,22.92,73.2,22.89,69.0,1,1,0
23640,23.08,76.6,23.03,68.6,0,1,0
23700,23.22,76.1,23.17,68.2,0,1,0
23760,23.37,75.7,23.31,67.8,0,1,0
23820,23.51,75.2,23.45,67.4,0,1,0
23880,23.65,74.7,23.59,67.0,0,1,0
23940,23.79,74.2,23.73,66.6,0,1,0
24000,23.94,73.7,23.87,66.2,0,1,0
24060,24.08,73.2,24.01,65.8,0,1,0
24120,24.22,72.7,24.15,65.4,0,1,0
24180,24.37,72.3,24.29,64.9,0,1,0
24240,24.51,71.8,24.43,64.5,0,1,0
24300,24.65,71.3,24.57,64.1,0,1,0
24360,24.80,70.8,24.71,63.7,0,1,0
24420,24.94,70.3,24.85,63.3,0,1,0
24480,25.09,69.9,24.99,62.9,0,1,0
24540,25.23,69.4,25.13,62.5,0,1,0
24600,25.37,68.9,25.27,62.1,0,1,0
24660,25.52,68.4,25.41,61.7,0,1,0
24720,25.66,67.9,25.55,61.3,0,1,0
24780,25.81,67.5,25.69,60.9,0,1,0
24840,25.95,67.0,25.83,60.5,0,1,0
24900,26.09,66.5,25.97,60.1,0,1,0
24960,26.24,66.0,26.11,59.7,0,1,0
25020,26.38,65.6,26.25,59.3,0,1,0
25080,26.53,65.1,26.39,58.9,0,1,0
25140,26.67,64.6,26.53,58.5,0,1,0
25200,26.75,64.4,26.61,58.3,0,1,0
25260,26.77,64.3,26.62,58.3,0,1,0
25320,26.78,64.2,26.63,58.2,0,1,0
25380,26.80,64.2,26.64,58.2,0,1,0
25440,26.82,64.1,26.65,58.2,0,1,0
25500,26.83,64.1,26.66,58.1,0,1,0
25560,26.85,64.0,26.68,58.1,0,1,0
25620,26.87,64.0,26.69,58.1,0,1,0
25680,26.88,63.9,26.70,58.0,0,1,0
25740,26.90,63.9,26.71,58.0,0,1,0
25800,26.92,63.8,26.72,58.0,0,1,0
25860,26.94,63.7,26.73,57.9,0,1,0
25920,26.95,63.7,26.75,57.9,0,1,0
25980,26.97,63.6,26.76,57.9,0,1,0
26040,26.99,63.6,26.77,57.8,0,1,0
26100,27.01,63.5,26.78,57.8,0,1,0
26160,27.02,63.4,26.79,57.8,0,1,0
26220,27.04,63.4,26.80,57.7,0,1,0
26280,27.06,63.3,26.82,57.7,0,1,0
26340,27.08,63.3,26.83,57.7,0,1,0
26400,27.09,63.2,26.84,57.7,0,1,0
26460,27.11,63.2,26.85,57.6,0,1,0
26520,27.13,63.1,26.86,57.6,0,1,0
26580,27.15,63.0,26.87,57.6,0,1,0
26640,27.17,63.0,26.89,57.5,0,1,0
26700,27.18,62.9,26.90,57.5,0,1,0
26760,27.20,62.9,26.91,57.5,0,1,0
26820,27.22,62.8,26.92,57.4,0,1,0
26880,27.24,62.7,26.93,57.4,0,1,0
26940,27.26,62.7,26.94,57.4,0,1,0
27000,27.28,62.6,26.96,57.3,0,1,0
27060,27.29,62.5,26.97,57.3,0,1,0
27120,27.31,62.5,26.98,57.3,0,1,0
27180,27.33,62.4,26.99,57.2,0,1,0
27240,27.35,62.4,27.00,57.2,0,1,0
27300,27.37,62.3,27.01,57.2,0,1,0
27360,27.39,62.2,27.03,57.1,0,1,0
27420,27.41,62.2,27.04,57.1,0,1,0
27480,27.43,62.1,27.05,57.1,0,1,0
27540,27.44,62.0,27.06,57.0,0,1,0
27600,27.46,62.0,27.07,57.0,0,1,0
27660,27.48,61.9,27.08,57.0,0,1,0
27720,27.50,61.9,27.10,57.0,0,1,0
27780,27.52,61.8,27.11,56.9,0,1,0
27840,27.54,61.7,27.12,56.9,0,1,0
27900,27.56,61.7,27.13,56.9,0,1,0
27960,27.58,61.6,27.14,56.8,0,1,0
28020,27.60,61.5,27.15,56.8,0,1,0
28080,27.62,61.5,27.17,56.8,0,1,0
28140,27.64,61.4,27.18,56.7,0,1,0
28200,27.66,61.3,27.19,56.7,0,1,0
28260,27.68,61.3,27.20,56.7,0,1,0
28320,27.70,61.2,27.21,56.6,0,1,0
28380,27.72,61.1,27.22,56.6,0,1,0
28440,27.74,61.1,27.24,56.6,0,1,0
28500,27.76,61.0,27.25,56.5,0,1,0
28560,27.78,61.0,27.26,56.5,0,1,0
28620,27.80,60.9,27.27,56.5,0,1,0
28680,27.82,60.8,27.28,56.4,0,1,0
28740,27.84,60.8,27.29,56.4,0,1,0
28800,27.86,60.6,27.31,56.3,0,1,0
28860,27.89,60.5,27.33,56.2,0,1,0
28920,27.92,60.4,27.35,56.1,0,1,0
28980,27.95,60.2,27.37,56.0,0,1,0
29040,27.98,60.1,27.39,55.9,0,1,0
29100,28.00,60.0,27.41,55.8,0,1,0
29160,27.74,57.9,27.43,55.7,1,1,0
29220,27.77,57.8,27.45,55.6,1,1,0
29280,27.79,57.6,27.47,55.5,1,1,0
29340,27.81,57.5,27.49,55.4,1,1,0
29400,27.84,57.4,27.51,55.3,1,1,0
29460,27.86,57.3,27.53,55.2,1,1,0
29520,27.89,57.2,27.55,55.1,1,1,0
29580,27.91,57.0,27.57,55.0,1,1,0
29640,27.94,56.9,27.59,54.9,1,1,0
29700,27.96,56.8,27.61,54.8,1,1,0
29760,27.99,56.7,27.63,54.7,1,1,0
29820,28.35,58.3,27.65,54.6,0,1,0
29880,28.38,58.1,27.67,54.5,0,1,0
29940,28.41,58.0,27.69,54.4,0,1,0
30000,28.44,57.9,27.71,54.3,0,1,0
30060,28.47,57.7,27.73,54.2,0,1,0
30120,28.50,57.6,27.75,54.1,0,1,0
30180,28.53,57.5,27.77,54.0,0,1,0
30240,28.56,57.3,27.79,53.9,0,1,0
30300,28.59,57.2,27.81,53.8,0,1,0
30360,28.62,57.0,27.83,53.7,0,1,0
30420,28.65,56.9,27.85,53.6,0,1,0
30480,28.29,55.2,27.87,53.5,1,1,0
30540,28.31,55.1,27.89,53.3,1,1,0
30600,28.34,55.1,27.91,53.3,1,1,0
30660,28.36,55.1,27.93,53.4,1,1,0
30720,28.39,55.2,27.95,53.5,1,1,0
30780,28.41,55.3,27.97,53.6,1,1,0
30840,28.44,55.4,27.99,53.7,1,1,0
30900,28.46,55.4,28.01,53.8,1,1,0
30960,28.49,55.5,28.03,53.9,1,1,0
31020,28.51,55.6,28.05,54.0,1,1,0
31080,28.54,55.6,28.07,54.1,1,1,0
31140,28.56,55.7,28.09,54.2,1,1,0
31200,28.59,55.8,28.11,54.3,1,1,0
31260,28.61,55.8,28.13,54.4,1,1,0
31320,28.64,55.9,28.15,54.5,1,1,0
31380,28.66,56.0,28.17,54.6,1,1,0
31440,28.69,56.0,28.19,54.7,1,1,0
31500,28.72,56.1,28.21,54.7,1,1,0
31560,28.74,56.2,28.23,54.8,1,1,0
31620,28.77,56.3,28.25,54.9,1,1,0
31680,28.79,56.3,28.27,55.0,1,1,0
31740,28.82,56.4,28.29,55.1,1,1,0
31800,28.84,56.5,28.31,55.2,1,1,0
31860,28.87,56.5,28.33,55.3,1,1,0
31920,28.89,56.6,28.35,55.4,1,1,0
31980,28.92,56.7,28.37,55.5,1,1,0
32040,28.94,56.7,28.39,55.6,1,1,0
32100,28.97,56.8,28.41,55.7,1,1,0
32160,28.99,56.9,28.43,55.8,1,1,0
32220,29.02,56.9,28.45,55.9,1,1,0
32280,29.05,57.0,28.47,56.0,1,1,0
32340,29.07,57.1,28.49,56.1,1,1,0
32400,29.10,57.1,28.51,56.1,1,1,0
32460,29.12,57.0,28.53,56.0,1,1,0
32520,29.15,56.9,28.55,55.9,1,1,0
32580,29.17,56.8,28.57,55.8,1,1,0
32640,29.20,56.6,28.59,55.7,1,1,0
32700,29.22,56.5,28.61,55.6,1,1,0
32760,29.25,56.4,28.63,55.6,1,1,0
32820,29.27,56.3,28.65,55.5,1,1,0
32880,29.30,56.2,28.67,55.4,1,1,0
32940,29.32,56.1,28.69,55.3,1,1,0
33000,29.35,56.0,28.71,55.2,1,1,0
33060,29.37,55.9,28.73,55.2,1,1,0
33120,29.40,55.8,28.75,55.1,1,1,0
33180,29.43,55.7,28.77,55.0,1,1,0
33240,29.45,55.6,28.79,54.9,1,1,0
33300,29.48,55.5,28.81,54.8,1,1,0
33360,29.50,55.4,28.83,54.7,1,1,0
33420,29.53,55.3,28.85,54.7,1,1,0
33480,29.55,55.2,28.87,54.6,1,1,0
33540,29.58,55.1,28.89,54.5,1,1,0
33600,29.60,55.0,28.91,54.4,1,1,0
33660,29.63,54.9,28.93,54.3,1,1,0
33720,29.65,54.8,28.94,54.2,1,1,0
33780,29.68,54.7,28.96,54.2,1,1,0
33840,29.70,54.6,28.98,54.1,1,1,0
33900,29.73,54.5,29.00,54.0,1,1,0
33960,29.76,54.4,29.02,53.9,1,1,0
34020,29.78,54.3,29.04,53.8,1,1,0
34080,29.81,54.2,29.06,53.8,1,1,0
34140,29.83,54.1,29.08,53.7,1,1,0
34200,29.84,54.1,29.09,53.6,1,1,0
34260,29.79,54.1,29.03,53.7,1,1,0
34320,29.73,54.2,28.97,53.8,1,1,0
34380,29.68,54.3,28.91,53.9,1,1,0
34440,29.62,54.4,28.85,54.0,1,1,0
34500,29.57,54.5,28.79,54.1,1,1,0
34560,29.51,54.6,28.73,54.2,1,1,0
34620,29.46,54.7,28.67,54.3,1,1,0
34680,29.40,54.8,28.60,54.4,1,1,0
34740,29.35,54.8,28.54,54.5,1,1,0
34800,29.29,54.9,28.48,54.6,1,1,0
34860,29.24,55.0,28.42,54.7,1,1,0
34920,29.18,55.1,28.36,54.8,1,1,0
34980,29.13,55.2,28.30,54.9,1,1,0
35040,29.07,55.3,28.24,55.0,1,1,0
35100,29.02,55.4,28.18,55.1,1,1,0
35160,28.96,55.5,28.12,55.2,1,1,0
35220,28.91,55.5,28.06,55.3,1,1,0
35280,28.85,55.6,28.00,55.4,1,1,0
35340,28.80,55.7,27.94,55.5,1,1,0
35400,28.74,55.8,27.88,55.6,1,1,0
35460,28.69,55.9,27.82,55.7,1,1,0
35520,28.63,56.0,27.75,55.8,1,1,0
35580,28.58,56.1,27.69,55.9,1,1,0
35640,28.52,56.2,27.63,56.0,1,1,0
35700,28.47,56.2,27.57,56.1,1,1,0
35760,28.41,56.3,27.51,56.2,1,1,0
35820,28.36,56.4,27.45,56.3,1,1,0
35880,28.30,56.5,27.39,56.4,1,1,0
35940,28.25,56.6,27.33,56.6,1,1,0
36000,28.20,56.7,27.28,56.6,1,1,0
36060,28.16,56.8,27.23,56.7,1,1,0
36120,28.12,56.8,27.19,56.8,1,1,0
36180,28.09,56.9,27.15,56.9,1,1,0
36240,28.05,57.0,27.10,57.0,1,1,0
36300,28.01,57.1,27.06,57.1,1,1,0
36360,27.97,57.2,27.02,57.2,1,1,0
36420,28.84,57.0,26.97,57.3,0,1,0
36480,28.80,57.1,26.93,57.4,0,1,0
36540,28.77,57.1,26.89,57.5,0,1,0
36600,28.74,57.2,26.84,57.6,0,1,0
36660,28.71,57.3,26.80,57.7,0,1,0
36720,28.67,57.3,26.76,57.8,0,1,0
36780,28.64,57.4,26.71,57.9,0,1,0
36840,28.61,57.5,26.67,58.0,0,1,0
36900,28.57,57.5,26.63,58.1,0,1,0
36960,28.54,57.6,26.58,58.2,0,1,0
37020,28.51,57.7,26.54,58.3,0,1,0
37080,27.52,58.1,26.50,58.4,1,1,0
37140,27.48,58.2,26.45,58.5,1,1,0
37200,27.44,58.3,26.41,58.6,1,1,0
37260,27.40,58.4,26.37,58.7,1,1,0
37320,27.36,58.4,26.32,58.8,1,1,0
37380,27.33,58.5,26.28,58.9,1,1,0
37440,27.29,58.6,26.24,59.0,1,1,0
37500,27.25,58.7,26.19,59.1,1,1,0
37560,27.21,58.8,26.15,59.2,1,1,0
37620,27.17,58.8,26.11,59.3,1,1,0
37680,27.13,58.9,26.06,59.4,1,1,0
37740,28.11,58.4,26.02,59.5,0,1,0
37800,28.18,58.2,26.08,59.3,0,1,0
37860,28.34,57.8,26.23,58.9,0,1,0
37920,28.49,57.4,26.38,58.6,0,1,0
37980,28.65,57.0,26.53,58.2,0,1,0
38040,28.81,56.6,26.68,57.8,0,1,0
38100,28.97,56.2,26.83,57.5,0,1,0
38160,29.13,55.8,26.98,57.1,0,1,0
38220,29.29,55.4,27.12,56.8,0,1,0
38280,29.45,55.0,27.27,56.4,0,1,0
38340,29.61,54.6,27.42,56.0,0,1,0
38400,28.70,55.0,27.57,55.7,1,1,0
38460,28.86,54.6,27.72,55.3,1,1,0
38520,29.01,54.2,27.87,54.9,1,1,0
38580,29.17,53.8,28.02,54.6,1,1,0
38640,29.32,53.5,28.17,54.2,1,1,0
38700,29.48,53.1,28.32,53.8,1,1,0
38760,29.63,52.7,28.47,53.5,1,1,0
38820,29.79,52.3,28.62,53.1,1,1,0
38880,29.94,51.9,28.77,52.7,1,1,0
38940,30.09,51.6,28.92,52.4,1,1,0
39000,30.25,51.2,29.07,52.0,1,1,0
39060,30.40,50.8,29.22,51.6,1,1,0
39120,29.72,51.0,29.37,51.3,1,1,1
39180,29.87,50.7,29.52,50.9,1,1,1
39240,30.02,50.3,29.67,50.5,1,1,1
39300,30.17,49.9,29.82,50.2,1,1,1
39360,30.32,49.6,29.97,49.8,1,1,1
39420,30.47,49.2,30.12,49.4,1,1,1
39480,30.62,48.8,30.27,49.1,1,1,1
39540,30.77,48.5,30.42,48.7,1,1,1
39600,30.82,48.3,30.46,48.6,1,1,1
39660,30.74,48.5,30.38,48.7,1,1,1
39720,30.66,48.6,30.30,48.9,1,1,1
39780,30.58,48.8,30.22,49.1,1,1,1
39840,30.51,49.0,30.14,49.2,1,1,1
39900,30.43,49.1,30.06,49.4,1,1,1
39960,30.35,49.3,29.98,49.6,1,1,1
40020,30.27,49.4,29.90,49.7,1,1,1
40080,30.19,49.6,29.82,49.9,1,1,1
40140,30.11,49.8,29.74,50.0,1,1,1
40200,30.03,49.9,29.66,50.2,1,1,1
40260,29.95,50.1,29.58,50.4,1,1,1
40320,29.88,50.2,29.50,50.5,1,1,1
40380,29.80,50.4,29.42,50.7,1,1,1
40440,30.63,49.8,29.34,50.9,1,1,0
40500,30.55,49.9,29.26,51.0,1,1,0
40560,30.47,50.1,29.18,51.2,1,1,0
40620,30.40,50.2,29.10,51.4,1,1,0
40680,30.32,50.4,29.02,51.5,1,1,0
40740,30.24,50.5,28.94,51.7,1,1,0
40800,30.17,50.7,28.86,51.8,1,1,0
40860,30.09,50.8,28.78,52.0,1,1,0
40920,30.02,51.0,28.70,52.2,1,1,0
40980,29.94,51.1,28.62,52.3,1,1,0
41040,29.86,51.3,28.54,52.5,1,1,0
41100,29.79,51.5,28.46,52.7,1,1,0
41160,29.71,51.6,28.38,52.8,1,1,0
41220,29.63,51.8,28.30,53.0,1,1,0
41280,29.56,51.9,28.22,53.2,1,1,0
41340,29.48,52.1,28.14,53.3,1,1,0
41400,29.42,52.2,28.07,53.5,1,1,0
41460,29.37,52.4,28.02,53.6,1,1,0
41520,29.32,52.5,27.97,53.8,1,1,0
41580,29.27,52.7,27.91,54.0,1,1,0
41640,29.22,52.8,27.86,54.1,1,1,0
41700,29.17,52.9,27.81,54.3,1,1,0
41760,29.12,53.1,27.75,54.5,1,1,0
41820,29.07,53.2,27.70,54.6,1,1,0
41880,29.02,53.4,27.65,54.8,1,1,0
41940,28.97,53.5,27.59,55.0,1,1,0
42000,28.92,53.7,27.54,55.1,1,1,0
42060,28.87,53.8,27.49,55.3,1,1,0
42120,28.82,54.0,27.43,55.4,1,1,0
42180,28.77,54.1,27.38,55.6,1,1,0
42240,28.72,54.3,27.33,55.8,1,1,0
42300,28.67,54.4,27.27,55.9,1,1,0
42360,28.61,54.6,27.22,56.1,1,1,0
42420,28.56,54.7,27.17,56.3,1,1,0
42480,28.51,54.9,27.11,56.4,1,1,0
42540,28.46,55.0,27.06,56.6,1,1,0
42600,28.41,55.2,27.01,56.7,1,1,0
42660,28.36,55.3,26.95,56.9,1,1,0
42720,28.31,55.5,26.90,57.1,1,1,0
42780,28.26,55.6,26.85,57.2,1,1,0
42840,28.21,55.8,26.79,57.4,1,1,0
42900,28.16,55.9,26.74,57.6,1,1,0
42960,28.11,56.1,26.69,57.7,1,1,0
43020,28.06,56.2,26.63,57.9,1,1,0
43080,28.01,56.4,26.58,58.1,1,1,0
43140,27.96,56.5,26.53,58.2,1,1,0
43200,29.35,54.8,26.57,58.2,0,1,0
43260,29.48,54.5,26.70,57.9,0,1,0
43320,29.62,54.3,26.83,57.7,0,1,0
43380,29.75,54.0,26.96,57.4,0,1,0
43440,29.89,53.7,27.09,57.2,0,1,0
43500,30.02,53.5,27.22,56.9,0,1,0
43560,30.16,53.2,27.35,56.6,0,1,0
43620,30.29,52.9,27.48,56.4,0,1,0
43680,28.10,55.6,27.61,56.1,0,1,1
43740,28.23,55.3,27.74,55.9,0,1,1
43800,28.36,55.0,27.87,55.6,0,1,1
43860,28.42,54.9,28.00,55.4,1,1,1
43920,28.55,54.6,28.13,55.1,1,1,1
43980,28.68,54.4,28.26,54.9,1,1,1
44040,28.81,54.1,28.39,54.6,1,1,1
44100,28.95,53.9,28.52,54.4,1,1,1
44160,29.08,53.6,28.65,54.1,1,1,1
44220,29.21,53.3,28.78,53.9,1,1,1
44280,29.34,53.1,28.91,53.6,1,1,1
44340,29.47,52.8,29.04,53.4,1,1,1
44400,29.60,52.6,29.17,53.1,1,1,1
44460,30.77,51.0,29.30,52.8,1,1,0
44520,30.90,50.8,29.43,52.6,1,1,0
44580,31.04,50.5,29.56,52.3,1,1,0
44640,31.17,50.3,29.69,52.1,1,1,0
44700,31.30,50.0,29.82,51.8,1,1,0
44760,31.43,49.8,29.95,51.6,1,1,0
44820,31.56,49.5,30.08,51.3,1,1,0
44880,31.69,49.3,30.21,51.1,1,1,0
44940,31.82,49.0,30.34,50.8,1,1,0
45000,31.91,48.9,30.42,50.7,1,1,0
45060,31.95,48.8,30.46,50.6,1,1,0
45120,31.99,48.7,30.50,50.6,1,1,0
45180,32.03,48.7,30.54,50.5,1,1,0
45240,31.02,49.9,30.58,50.4,1,1,1
45300,31.06,49.9,30.62,50.4,1,1,1
45360,31.10,49.8,30.66,50.3,1,1,1
45420,31.14,49.7,30.70,50.3,1,1,1
45480,31.18,49.7,30.74,50.2,1,1,1
45540,31.22,49.6,30.78,50.2,1,1,1
45600,31.26,49.6,30.82,50.1,1,1,1
45660,31.30,49.5,30.86,50.0,1,1,1
45720,31.34,49.5,30.90,50.0,1,1,1
45780,31.38,49.4,30.94,49.9,1,1,1
45840,31.42,49.3,30.98,49.9,1,1,1
45900,31.46,49.3,31.02,49.8,1,1,1
45960,31.50,49.2,31.06,49.8,1,1,1
46020,31.54,49.2,31.10,49.7,1,1,1
46080,31.58,49.1,31.14,49.7,1,1,1
46140,31.62,49.1,31.18,49.6,1,1,1
46200,31.66,49.0,31.22,49.5,1,1,1
46260,31.70,48.9,31.26,49.5,1,1,1
46320,31.74,48.9,31.30,49.4,1,1,1
46380,31.78,48.8,31.34,49.4,1,1,1
46440,31.82,48.8,31.38,49.3,1,1,1
46500,31.86,48.7,31.42,49.3,1,1,1
46560,31.90,48.7,31.46,49.2,1,1,1
46620,31.94,48.6,31.50,49.1,1,1,1
46680,31.98,48.5,31.54,49.1,1,1,1
46740,32.02,48.5,31.58,49.0,1,1,1
46800,32.04,48.5,31.60,49.0,1,1,1
46860,32.04,48.4,31.59,49.0,1,1,1
46920,32.03,48.4,31.59,49.0,1,1,1
46980,32.03,48.4,31.59,49.0,1,1,1
47040,32.03,48.4,31.58,49.0,1,1,1
47100,32.02,48.4,31.58,48.9,1,1,1
47160,32.02,48.4,31.58,48.9,1,1,1
47220,32.01,48.4,31.57,48.9,1,1,1
47280,32.01,48.4,31.57,48.9,1,1,1
47340,32.01,48.4,31.57,48.9,1,1,1
47400,32.00,48.4,31.56,48.9,1,1,1
47460,32.00,48.3,31.56,48.9,1,1,1
47520,32.00,48.3,31.56,48.9,1,1,1
47580,31.99,48.3,31.55,48.9,1,1,1
47640,31.99,48.3,31.55,48.9,1,1,1
47700,31.99,48.3,31.55,48.8,1,1,1
47760,31.98,48.3,31.54,48.8,1,1,1
47820,31.98,48.3,31.54,48.8,1,1,1
47880,31.98,48.3,31.54,48.8,1,1,1
47940,31.97,48.3,31.53,48.8,1,1,1
48000,31.97,48.3,31.53,48.8,1,1,1
48060,31.97,48.3,31.53,48.8,1,1,1
48120,31.96,48.2,31.52,48.8,1,1,1
48180,31.96,48.2,31.52,48.8,1,1,1
48240,31.96,48.2,31.52,48.8,1,1,1
48300,31.95,48.2,31.51,48.7,1,1,1
48360,31.95,48.2,31.51,48.7,1,1,1
48420,31.94,48.2,31.51,48.7,1,1,1
48480,31.94,48.2,31.50,48.7,1,1,1
48540,31.94,48.2,31.50,48.7,1,1,1
48600,31.91,48.2,31.48,48.7,1,1,1
48660,31.87,48.3,31.43,48.8,1,1,1
48720,31.83,48.4,31.39,48.9,1,1,1
48780,31.78,48.5,31.35,49.0,1,1,1
48840,31.74,48.6,31.31,49.1,1,1,1
48900,31.69,48.7,31.26,49.2,1,1,1
48960,31.65,48.7,31.22,49.3,1,1,1
49020,31.61,48.8,31.18,49.3,1,1,1
49080,31.56,48.9,31.13,49.4,1,1,1
49140,31.52,49.0,31.09,49.5,1,1,1
49200,31.48,49.1,31.05,49.6,1,1,1
49260,31.43,49.2,31.00,49.7,1,1,1
49320,31.39,49.3,30.96,49.8,1,1,1
49380,31.35,49.4,30.92,49.9,1,1,1
49440,31.30,49.4,30.87,50.0,1,1,1
49500,31.26,49.5,30.83,50.0,1,1,1
49560,31.21,49.6,30.79,50.1,1,1,1
49620,31.17,49.7,30.74,50.2,1,1,1
49680,31.13,49.8,30.70,50.3,1,1,1
49740,31.08,49.9,30.66,50.4,1,1,1
49800,31.04,50.0,30.61,50.5,1,1,1
49860,31.00,50.1,30.57,50.6,1,1,1
49920,30.95,50.1,30.53,50.6,1,1,1
49980,30.91,50.2,30.49,50.7,1,1,1
50040,30.86,50.3,30.44,50.8,1,1,1
50100,30.82,50.4,30.40,50.9,1,1,1
50160,30.78,50.5,30.36,51.0,1,1,1
50220,30.73,50.6,30.31,51.1,1,1,1
50280,30.69,50.7,30.27,51.2,1,1,1
50340,30.65,50.8,30.23,51.2,1,1,1
50400,30.62,50.8,30.20,51.3,1,1,1
50460,30.62,50.7,30.20,51.2,1,1,1
50520,30.63,50.7,30.21,51.1,1,1,1
50580,30.63,50.6,30.21,51.1,1,1,1
50640,30.63,50.6,30.21,51.0,1,1,1
50700,30.63,50.5,30.22,51.0,1,1,1
50760,30.64,50.4,30.22,50.9,1,1,1
50820,30.64,50.4,30.22,50.8,1,1,1
50880,30.64,50.3,30.23,50.8,1,1,1
50940,30.64,50.3,30.23,50.7,1,1,1
51000,30.65,50.2,30.23,50.6,1,1,1
51060,30.65,50.1,30.24,50.6,1,1,1
51120,30.65,50.1,30.24,50.5,1,1,1
51180,30.65,50.0,30.24,50.4,1,1,1
51240,30.66,50.0,30.25,50.4,1,1,1
51300,30.66,49.9,30.25,50.3,1,1,1
51360,30.66,49.8,30.25,50.3,1,1,1
51420,30.66,49.8,30.26,50.2,1,1,1
51480,30.67,49.7,30.26,50.1,1,1,1
51540,30.67,49.7,30.26,50.1,1,1,1
51600,30.67,49.6,30.27,50.0,1,1,1
51660,30.67,49.5,30.27,49.9,1,1,1
51720,30.68,49.5,30.27,49.9,1,1,1
51780,30.68,49.4,30.28,49.8,1,1,1
51840,30.68,49.4,30.28,49.7,1,1,1
51900,30.68,49.3,30.28,49.7,1,1,1
51960,30.68,49.2,30.29,49.6,1,1,1
52020,30.69,49.2,30.29,49.6,1,1,1
52080,30.69,49.1,30.30,49.5,1,1,1
52140,30.69,49.1,30.30,49.4,1,1,1
52200,30.68,49.1,30.28,49.5,1,1,1
52260,30.65,49.2,30.25,49.6,1,1,1
52320,30.61,49.3,30.22,49.7,1,1,1
52380,30.58,49.5,30.19,49.8,1,1,1
52440,30.55,49.6,30.16,50.0,1,1,1
52500,30.52,49.7,30.13,50.1,1,1,1
52560,30.49,49.8,30.10,50.2,1,1,1
52620,30.46,50.0,30.07,50.3,1,1,1
52680,30.43,50.1,30.04,50.5,1,1,1
52740,30.40,50.2,30.01,50.6,1,1,1
52800,30.37,50.3,29.98,50.7,1,1,1
52860,30.33,50.5,29.95,50.8,1,1,1
52920,30.30,50.6,29.92,50.9,1,1,1
52980,30.27,50.7,29.89,51.1,1,1,1
53040,30.24,50.9,29.86,51.2,1,1,1
53100,30.21,51.0,29.83,51.3,1,1,1
53160,30.18,51.1,29.80,51.4,1,1,1
53220,30.15,51.2,29.77,51.6,1,1,1
53280,30.12,51.4,29.74,51.7,1,1,1
53340,30.09,51.5,29.71,51.8,1,1,1
53400,30.05,51.6,29.68,51.9,1,1,1
53460,30.02,51.7,29.65,52.1,1,1,1
53520,29.99,51.9,29.62,52.2,1,1,1
53580,29.96,52.0,29.59,52.3,1,1,1
53640,29.93,52.1,29.56,52.4,1,1,1
53700,30.78,51.4,29.53,52.5,1,1,0
53760,30.75,51.6,29.50,52.7,1,1,0
53820,30.71,51.7,29.47,52.8,1,1,0
53880,30.68,51.8,29.44,52.9,1,1,0
53940,30.64,52.0,29.41,53.0,1,1,0
54000,30.61,52.0,29.39,53.1,1,1,0
54060,30.58,52.0,29.36,53.1,1,1,0
54120,30.55,52.1,29.33,53.1,1,1,0
54180,30.52,52.1,29.31,53.1,1,1,0
54240,30.49,52.1,29.28,53.1,1,1,0
54300,30.45,52.1,29.25,53.1,1,1,0
54360,30.42,52.1,29.23,53.1,1,1,0
54420,30.39,52.1,29.20,53.0,1,1,0
54480,29.52,52.8,29.17,53.0,1,1,1
54540,29.49,52.8,29.15,53.0,1,1,1
54600,29.46,52.8,29.12,53.0,1,1,1
54660,29.44,52.8,29.09,53.0,1,1,1
54720,29.41,52.8,29.07,53.0,1,1,1
54780,29.38,52.8,29.04,53.0,1,1,1
54840,29.35,52.8,29.01,53.0,1,1,1
54900,29.32,52.8,28.99,53.0,1,1,1
54960,29.30,52.8,28.96,53.0,1,1,1
55020,29.27,52.8,28.93,53.0,1,1,1
55080,29.24,52.8,28.91,53.0,1,1,1
55140,29.21,52.8,28.88,53.0,1,1,1
55200,29.18,52.8,28.85,53.0,1,1,1
55260,29.95,52.3,28.83,53.0,1,1,0
55320,29.92,52.3,28.80,52.9,1,1,0
55380,29.89,52.3,28.77,52.9,1,1,0
55440,29.86,52.3,28.75,52.9,1,1,0
55500,29.83,52.3,28.72,52.9,1,1,0
55560,29.79,52.4,28.69,52.9,1,1,0
55620,29.76,52.4,28.67,52.9,1,1,0
55680,29.73,52.4,28.64,52.9,1,1,0
55740,29.70,52.4,28.61,52.9,1,1,0
55800,29.66,52.5,28.58,52.9,1,1,0
55860,29.61,52.6,28.53,53.0,1,1,0
55920,29.56,52.6,28.49,53.1,1,1,0
55980,29.51,52.7,28.45,53.2,1,1,0
56040,29.46,52.8,28.40,53.3,1,1,0
56100,29.42,52.9,28.36,53.3,1,1,0
56160,29.37,53.0,28.32,53.4,1,1,0
56220,29.32,53.1,28.27,53.5,1,1,0
56280,29.27,53.2,28.23,53.6,1,1,0
56340,29.22,53.3,28.19,53.7,1,1,0
56400,29.17,53.4,28.14,53.7,1,1,0
56460,29.12,53.5,28.10,53.8,1,1,0
56520,29.08,53.6,28.06,53.9,1,1,0
56580,29.03,53.7,28.01,54.0,1,1,0
56640,28.98,53.8,27.97,54.1,1,1,0
56700,28.93,53.9,27.93,54.1,1,1,0
56760,28.88,54.0,27.88,54.2,1,1,0
56820,28.83,54.1,27.84,54.3,1,1,0
56880,28.78,54.2,27.80,54.4,1,1,0
56940,28.74,54.3,27.75,54.5,1,1,0
57000,28.69,54.4,27.71,54.5,1,1,0
57060,28.64,54.5,27.67,54.6,1,1,0
57120,28.59,54.6,27.62,54.7,1,1,0
57180,28.54,54.7,27.58,54.8,1,1,0
57240,28.49,54.8,27.54,54.9,1,1,0
57300,28.44,54.9,27.49,54.9,1,1,0
57360,28.39,55.0,27.45,55.0,1,1,0
57420,28.35,55.1,27.41,55.1,1,1,0
57480,28.30,55.2,27.36,55.2,1,1,0
57540,28.25,55.3,27.32,55.3,1,1,0
57600,28.18,55.5,27.26,55.4,1,1,0
57660,28.10,55.7,27.19,55.6,1,1,0
57720,28.03,55.9,27.12,55.7,1,1,0
57780,27.95,56.1,27.04,55.9,1,1,0
57840,28.71,56.3,26.97,56.1,0,1,0
57900,28.63,56.5,26.90,56.3,0,1,0
57960,28.55,56.7,26.82,56.4,0,1,0
58020,28.46,57.0,26.75,56.6,0,1,0
58080,28.38,57.2,26.68,56.8,0,1,0
58140,28.29,57.4,26.60,56.9,0,1,0
58200,28.21,57.6,26.53,57.1,0,1,0
58260,28.13,57.8,26.46,57.3,0,1,0
58320,28.04,58.0,26.38,57.5,0,1,0
58380,27.96,58.3,26.31,57.6,0,1,0
58440,27.87,58.5,26.24,57.8,0,1,0
58500,27.79,58.7,26.16,58.0,0,1,0
58560,27.71,58.9,26.09,58.2,0,1,0
58620,27.62,59.1,26.02,58.3,0,1,0
58680,27.54,59.4,25.94,58.5,0,1,0
58740,27.45,59.6,25.87,58.7,0,1,0
58800,27.37,59.8,25.80,58.9,0,1,0
58860,27.28,60.0,25.72,59.0,0,1,0
58920,27.20,60.3,25.65,59.2,0,1,0
58980,27.12,60.5,25.58,59.4,0,1,0
59040,27.03,60.7,25.50,59.5,0,1,0
59100,26.95,60.9,25.43,59.7,0,1,0
59160,26.86,61.2,25.36,59.9,0,1,0
59220,26.78,61.4,25.28,60.1,0,1,0
59280,26.69,61.6,25.21,60.2,0,1,0
59340,26.61,61.8,25.14,60.4,0,1,0
59400,26.56,62.0,25.10,60.5,0,1,0
59460,26.54,62.0,25.09,60.4,0,1,0
59520,26.52,62.0,25.08,60.4,0,1,0
59580,26.51,62.0,25.08,60.4,0,1,0
59640,26.49,62.0,25.07,60.3,0,1,0
59700,26.47,62.0,25.06,60.3,0,1,0
59760,26.45,62.0,25.06,60.3,0,1,0
59820,26.44,62.1,25.05,60.2,0,1,0
59880,26.42,62.1,25.04,60.2,0,1,0
59940,26.40,62.1,25.04,60.2,0,1,0
60000,26.38,62.1,25.03,60.1,0,1,0
60060,26.37,62.1,25.02,60.1,0,1,0
60120,26.35,62.1,25.02,60.1,0,1,0
60180,26.33,62.1,25.01,60.0,0,1,0
60240,26.31,62.1,25.00,60.0,0,1,0
60300,26.30,62.2,25.00,60.0,0,1,0
60360,26.28,62.2,24.99,59.9,0,1,0
60420,26.26,62.2,24.98,59.9,0,1,0
60480,26.24,62.2,24.98,59.9,0,1,0
60540,26.23,62.2,24.97,59.8,0,1,0
60600,26.21,62.2,24.96,59.8,0,1,0
60660,26.19,62.2,24.96,59.8,0,1,0
60720,26.17,62.3,24.95,59.7,0,1,0
60780,26.16,62.3,24.94,59.7,0,1,0
60840,26.14,62.3,24.94,59.7,0,1,0
60900,26.12,62.3,24.93,59.6,0,1,0
60960,26.10,62.3,24.92,59.6,0,1,0
61020,26.09,62.3,24.92,59.6,0,1,0
61080,26.07,62.3,24.91,59.5,0,1,0
61140,26.05,62.3,24.90,59.5,0,1,0
61200,26.01,62.4,24.87,59.6,0,1,0
61260,25.95,62.6,24.82,59.7,0,1,0
61320,25.88,62.8,24.77,59.8,0,1,0
61380,25.82,63.0,24.71,59.9,0,1,0
61440,25.75,63.1,24.66,60.1,0,1,0
61500,25.69,63.3,24.61,60.2,0,1,0
61560,25.63,63.5,24.55,60.3,0,1,0
61620,25.56,63.7,24.50,60.4,0,1,0
61680,25.50,63.9,24.45,60.6,0,1,0
61740,25.43,64.0,24.39,60.7,0,1,0
61800,25.37,64.2,24.34,60.8,0,1,0
61860,25.31,64.4,24.29,60.9,0,1,0
61920,25.24,64.6,24.23,61.0,0,1,0
61980,25.18,64.8,24.18,61.2,0,1,0
62040,25.12,64.9,24.13,61.3,0,1,0
62100,25.05,65.1,24.07,61.4,0,1,0
62160,24.99,65.3,24.02,61.5,0,1,0
62220,24.93,65.5,23.97,61.7,0,1,0
62280,24.86,65.7,23.91,61.8,0,1,0
62340,24.80,65.8,23.86,61.9,0,1,0
62400,24.73,66.0,23.81,62.0,0,1,0
62460,24.67,66.2,23.75,62.2,0,1,0
62520,24.61,66.4,23.70,62.3,0,1,0
62580,24.54,66.6,23.65,62.4,0,1,0
62640,24.48,66.7,23.59,62.5,0,1,0
62700,24.42,66.9,23.54,62.6,0,1,0
62760,24.35,67.1,23.49,62.8,0,1,0
62820,24.29,67.3,23.43,62.9,0,1,0
62880,24.23,67.5,23.38,63.0,0,1,0
62940,24.16,67.7,23.33,63.1,0,1,0
63000,24.14,67.8,23.31,63.2,0,1,0
63060,24.14,67.8,23.33,63.2,0,1,0
63120,24.15,67.8,23.34,63.1,0,1,0
63180,24.16,67.8,23.36,63.1,0,1,0
63240,24.16,67.8,23.38,63.1,0,1,0
63300,24.17,67.8,23.39,63.1,0,1,0
63360,24.18,67.8,23.41,63.0,0,1,0
63420,24.19,67.8,23.43,63.0,0,1,0
63480,24.19,67.8,23.44,63.0,0,1,0
63540,24.20,67.8,23.46,62.9,0,1,0
63600,24.21,67.8,23.48,62.9,0,1,0
63660,24.21,67.8,23.49,62.9,0,1,0
63720,24.22,67.8,23.51,62.9,0,1,0
63780,24.23,67.8,23.53,62.8,0,1,0
63840,24.24,67.9,23.54,62.8,0,1,0
63900,24.24,67.9,23.56,62.8,0,1,0
63960,24.25,67.9,23.58,62.8,0,1,0
64020,24.26,67.9,23.59,62.7,0,1,0
64080,24.27,67.9,23.61,62.7,0,1,0
64140,24.27,67.9,23.63,62.7,0,1,0
64200,24.28,67.9,23.64,62.7,0,1,0
64260,24.29,67.9,23.66,62.6,0,1,0
64320,24.30,67.9,23.68,62.6,0,1,0
64380,24.30,67.9,23.69,62.6,0,1,0
64440,24.31,67.9,23.71,62.5,0,1,0
64500,24.32,67.9,23.73,62.5,0,1,0
64560,24.33,67.9,23.74,62.5,0,1,0
64620,24.34,67.9,23.76,62.5,0,1,0
64680,24.34,67.9,23.78,62.4,0,1,0
64740,24.35,67.9,23.79,62.4,0,1,0
64800,24.34,68.0,23.79,62.4,0,1,0
64860,24.30,68.1,23.76,62.5,0,1,0
64920,24.27,68.2,23.73,62.5,0,1,0
64980,24.23,68.2,23.71,62.6,0,1,0
65040,24.20,68.3,23.68,62.6,0,1,0
65100,24.16,68.4,23.65,62.7,0,1,0
65160,24.13,68.5,23.63,62.7,0,1,0
65220,24.09,68.6,23.60,62.8,0,1,0
65280,24.06,68.7,23.57,62.8,0,1,0
65340,24.02,68.8,23.55,62.8,0,1,0
65400,23.99,68.9,23.52,62.9,0,1,0
65460,23.95,69.0,23.49,62.9,0,1,0
65520,23.92,69.1,23.47,63.0,0,1,0
65580,23.88,69.2,23.44,63.0,0,1,0
65640,23.85,69.3,23.41,63.1,0,1,0
65700,23.81,69.4,23.39,63.1,0,1,0
65760,23.78,69.4,23.36,63.2,0,1,0
65820,23.75,69.5,23.33,63.2,0,1,0
65880,23.71,69.6,23.31,63.3,0,1,0
65940,23.68,69.7,23.28,63.3,0,1,0
66000,23.64,69.8,23.25,63.4,0,1,0
66060,23.61,69.9,23.23,63.4,0,1,0
66120,23.58,70.0,23.20,63.5,0,1,0
66180,23.54,70.1,23.17,63.5,0,1,0
66240,23.51,70.2,23.15,63.5,0,1,0
66300,23.47,70.3,23.12,63.6,0,1,0
66360,23.44,70.3,23.09,63.6,0,1,0
66420,23.41,70.4,23.07,63.7,0,1,0
66480,23.37,70.5,23.04,63.7,0,1,0
66540,23.34,70.6,23.01,63.8,0,1,0
66600,23.31,70.7,22.99,63.8,0,1,0
66660,23.29,70.8,22.97,63.9,0,1,0
66720,23.26,70.9,22.96,64.0,0,1,0
66780,23.24,71.0,22.94,64.0,0,1,0
66840,23.22,71.1,22.92,64.1,0,1,0
66900,23.19,71.2,22.91,64.2,0,1,0
66960,23.17,71.4,22.89,64.3,0,1,0
67020,23.15,71.5,22.87,64.3,0,1,0
67080,23.12,71.6,22.86,64.4,0,1,0
67140,23.10,71.7,22.84,64.5,0,1,0
67200,23.08,71.8,22.82,64.5,0,1,0
67260,23.06,71.9,22.81,64.6,0,1,0
67320,23.03,72.0,22.79,64.7,0,1,0
67380,23.01,72.1,22.77,64.7,0,1,0
67440,22.99,72.2,22.76,64.8,0,1,0
67500,22.97,72.3,22.74,64.9,0,1,0
67560,22.94,72.4,22.72,65.0,0,1,0
67620,22.92,72.5,22.71,65.0,0,1,0
67680,22.90,72.6,22.69,65.1,0,1,0
67740,22.88,72.7,22.67,65.2,0,1,0
67800,22.85,72.8,22.66,65.2,0,1,0
67860,22.83,72.9,22.64,65.3,0,1,0
67920,22.81,73.0,22.62,65.4,0,1,0
67980,22.79,73.1,22.61,65.4,0,1,0
68040,22.77,73.2,22.59,65.5,0,1,0
68100,22.74,73.3,22.57,65.6,0,1,0
68160,22.72,73.4,22.56,65.7,0,1,0
68220,22.70,73.5,22.54,65.7,0,1,0
68280,22.68,73.6,22.52,65.8,0,1,0
68340,22.66,73.7,22.51,65.9,0,1,0
68400,22.62,73.9,22.48,66.0,0,1,0
68460,22.58,74.0,22.44,66.1,0,1,0
68520,22.53,74.2,22.40,66.2,0,1,0
68580,22.49,74.4,22.36,66.4,0,1,0
68640,22.45,74.6,22.32,66.5,0,1,0
68700,22.40,74.8,22.28,66.7,0,1,0
68760,22.36,74.9,22.24,66.8,0,1,0
68820,22.31,75.1,22.20,66.9,0,1,0
68880,22.22,71.3,22.16,67.1,1,1,0
68940,22.17,71.5,22.12,67.2,1,1,0
69000,22.13,71.6,22.08,67.3,1,1,0
69060,22.09,71.8,22.04,67.5,1,1,0
69120,22.05,71.9,22.00,67.6,1,1,0
69180,22.01,72.1,21.96,67.7,1,1,0
69240,21.96,72.3,21.92,67.9,1,1,0
69300,21.92,72.4,21.88,68.0,1,1,0
69360,21.88,72.6,21.84,68.2,1,1,0
69420,21.84,72.7,21.80,68.3,1,1,0
69480,21.80,72.9,21.76,68.4,1,1,0
69540,21.79,77.2,21.72,68.6,0,1,0
69600,21.74,77.4,21.68,68.7,0,1,0
69660,21.70,77.6,21.64,68.8,0,1,0
69720,21.66,77.7,21.60,69.0,0,1,0
69780,21.61,77.9,21.56,69.1,0,1,0
69840,21.57,78.1,21.52,69.3,0,1,0
69900,21.53,78.3,21.48,69.4,0,1,0
69960,21.49,78.4,21.44,69.5,0,1,0
70020,21.44,78.6,21.40,69.7,0,1,0
70080,21.40,78.8,21.36,69.8,0,1,0
70140,21.36,78.9,21.32,69.9,0,1,0
70200,21.28,74.9,21.27,70.2,1,1,0
70260,21.22,75.3,21.20,70.6,1,1,0
70320,21.15,75.7,21.13,70.9,1,1,0
70380,21.08,76.1,21.07,71.3,1,1,0
70440,21.01,76.5,21.00,71.7,1,1,0
70500,20.95,76.9,20.93,72.1,1,1,0
70560,20.88,77.3,20.87,72.5,1,1,0
70620,20.81,77.7,20.80,72.8,1,1,0
70680,20.74,78.1,20.73,73.2,1,1,0
70740,20.68,78.5,20.67,73.6,1,1,0
70800,20.61,78.9,20.60,74.0,1,1,0
70860,20.54,79.3,20.53,74.3,1,1,0
70920,20.47,79.7,20.47,74.7,1,1,0
70980,20.41,80.1,20.40,75.1,1,1,0
71040,20.34,80.5,20.33,75.5,1,1,0
71100,20.27,80.9,20.27,75.8,1,1,0
71160,20.20,77.7,20.20,76.2,1,1,1
71220,20.14,78.1,20.13,76.6,1,1,1
71280,20.07,78.5,20.07,77.0,1,1,1
71340,20.00,78.8,20.00,77.3,1,1,1
71400,19.94,79.2,19.93,77.7,1,1,1
71460,19.87,79.6,19.87,78.1,1,1,1
71520,19.80,80.0,19.80,78.5,1,1,1
71580,19.74,80.4,19.73,78.8,1,1,1
71640,19.67,80.8,19.67,79.2,1,1,1
71700,19.60,81.1,19.60,79.6,1,1,1
71760,19.54,81.5,19.54,80.0,1,1,1
71820,19.47,81.9,19.47,80.3,1,1,1
71880,19.40,82.3,19.40,80.7,1,1,1
71940,19.34,82.7,19.34,81.1,1,1,1
72000,19.29,82.9,19.29,81.3,1,1,1
72060,19.27,83.1,19.27,81.2,0,1,1
72120,19.24,83.1,19.24,81.2,0,1,1
72180,19.22,91.7,19.22,81.2,0,1,0
72240,19.20,91.7,19.20,81.1,0,1,0
72300,19.17,91.6,19.17,81.1,0,1,0
72360,19.15,91.6,19.15,81.1,0,1,0
72420,19.13,91.6,19.13,81.0,0,1,0
72480,19.10,91.6,19.10,81.0,0,1,0
72540,19.08,91.6,19.08,81.0,0,1,0
72600,19.06,91.5,19.06,80.9,0,1,0
72660,19.03,91.5,19.03,80.9,0,1,0
72720,19.01,86.3,19.01,80.8,1,1,0
72780,18.99,86.3,18.99,80.8,1,1,0
72840,18.96,86.3,18.96,80.8,1,1,0
72900,18.94,86.2,18.94,80.7,1,1,0
72960,18.92,86.2,18.92,80.7,1,1,0
73020,18.89,86.2,18.89,80.7,1,1,0
73080,18.87,86.2,18.87,80.6,1,1,0
73140,18.85,86.1,18.85,80.6,1,1,0
73200,18.82,86.1,18.82,80.5,1,1,0
73260,18.80,86.1,18.80,80.5,1,1,0
73320,18.77,86.0,18.77,80.5,1,1,0
73380,18.75,86.0,18.75,80.4,1,1,0
73440,18.73,86.0,18.73,80.4,1,1,0
73500,18.70,86.0,18.70,80.4,1,1,0
73560,18.68,85.9,18.68,80.3,1,1,0
73620,18.66,85.9,18.66,80.3,1,1,0
73680,18.63,85.9,18.63,80.3,1,1,0
73740,18.61,85.9,18.61,80.2,1,1,0
73800,18.62,85.9,18.62,80.2,1,1,0
73860,18.65,85.9,18.65,80.3,1,1,0
73920,18.68,86.0,18.68,80.4,1,1,0
73980,18.71,86.1,18.71,80.5,1,1,0
74040,18.74,86.1,18.74,80.6,1,1,0
74100,18.77,86.2,18.77,80.6,1,1,0
74160,18.80,86.3,18.80,80.7,1,1,0
74220,18.83,86.4,18.83,80.8,1,1,0
74280,18.86,86.4,18.86,80.9,1,1,0
74340,18.89,86.5,18.89,81.0,1,1,0
74400,18.92,86.6,18.92,81.0,1,1,0
74460,18.95,86.6,18.95,81.1,1,1,0
74520,18.98,86.7,18.98,81.2,1,1,0
74580,19.01,86.8,19.01,81.3,1,1,0
74640,19.04,86.8,19.04,81.4,1,1,0
74700,19.07,86.9,19.07,81.4,1,1,0
74760,19.10,87.0,19.10,81.5,1,1,0
74820,19.13,87.1,19.13,81.6,1,1,0
74880,19.16,87.1,19.16,81.7,1,1,0
74940,19.19,87.2,19.19,81.8,1,1,0
75000,19.22,87.3,19.22,81.8,1,1,0
75060,19.25,87.3,19.25,81.9,1,1,0
75120,19.28,87.4,19.28,82.0,1,1,0
75180,19.31,87.5,19.31,82.1,1,1,0
75240,19.34,87.5,19.34,82.2,1,1,0
75300,19.37,87.6,19.37,82.2,1,1,0
75360,19.40,87.7,19.40,82.3,1,1,0
75420,19.43,87.7,19.43,82.4,1,1,0
75480,19.46,87.8,19.46,82.5,1,1,0
75540,19.49,87.9,19.49,82.6,1,1,0
75600,19.51,87.9,19.51,82.6,1,1,0
75660,19.54,87.8,19.54,82.5,1,1,0
75720,19.57,87.7,19.57,82.4,1,1,0
75780,19.59,87.6,19.59,82.3,1,1,0
75840,19.62,87.5,19.62,82.2,1,1,0
75900,19.65,87.4,19.65,82.1,1,1,0
75960,19.67,87.3,19.67,82.1,1,1,0
76020,19.70,87.2,19.70,82.0,1,1,0
76080,19.73,87.1,19.73,81.9,1,1,0
76140,19.75,87.0,19.75,81.8,1,1,0
76200,19.78,87.0,19.78,81.7,1,1,0
76260,19.81,86.9,19.81,81.6,1,1,0
76320,19.83,86.8,19.83,81.6,1,1,0
76380,19.86,86.7,19.86,81.5,1,1,0
76440,19.89,86.6,19.89,81.4,1,1,0
76500,19.91,86.5,19.91,81.3,1,1,0
76560,19.94,86.4,19.94,81.2,1,1,0
76620,19.97,86.3,19.97,81.1,1,1,0
76680,19.99,86.2,19.99,81.1,1,1,0
76740,20.02,86.1,20.02,81.0,1,1,0
76800,20.05,86.0,20.05,80.9,1,1,0
76860,20.07,85.9,20.07,80.8,1,1,0
76920,20.10,85.8,20.10,80.7,1,1,0
76980,20.13,85.8,20.13,80.6,1,1,0
77040,20.15,85.7,20.15,80.6,1,1,0
77100,20.18,85.6,20.18,80.5,1,1,0
77160,20.21,85.5,20.21,80.4,1,1,0
77220,20.23,85.4,20.23,80.3,1,1,0
77280,20.26,85.3,20.26,80.2,1,1,0
77340,20.29,85.2,20.29,80.1,1,1,0
77400,20.28,85.2,20.28,80.2,1,1,0
77460,20.23,85.4,20.23,80.3,1,1,0
77520,20.19,85.6,20.19,80.5,1,1,0
77580,20.15,85.7,20.15,80.6,1,1,0
77640,20.10,85.9,20.10,80.8,1,1,0
77700,20.06,86.0,20.06,80.9,1,1,0
77760,20.02,86.2,20.02,81.1,1,1,0
77820,19.97,86.4,19.97,81.2,1,1,0
77880,19.93,86.5,19.93,81.3,1,1,0
77940,19.89,86.7,19.89,81.5,1,1,0
78000,19.84,86.8,19.84,81.6,1,1,0
78060,19.80,87.0,19.80,81.8,1,1,0
78120,19.76,87.2,19.76,81.9,1,1,0
78180,19.71,87.3,19.71,82.1,1,1,0
78240,19.67,87.5,19.67,82.2,1,1,0
78300,19.63,87.7,19.63,82.4,1,1,0
78360,19.58,87.8,19.58,82.5,1,1,0
78420,19.54,88.0,19.54,82.7,1,1,0
78480,19.50,88.1,19.50,82.8,1,1,0
78540,19.45,88.3,19.45,83.0,1,1,0
78600,19.41,88.5,19.41,83.1,1,1,0
78660,19.37,88.6,19.37,83.3,1,1,0
78720,19.32,88.8,19.32,83.4,1,1,0
78780,19.28,88.9,19.28,83.5,1,1,0
78840,19.24,89.1,19.24,83.7,1,1,0
78900,19.19,89.3,19.19,83.8,1,1,0
78960,19.15,89.4,19.15,84.0,1,1,0
79020,19.11,89.6,19.11,84.1,1,1,0
79080,19.06,89.8,19.06,84.3,1,1,0
79140,19.02,89.9,19.02,84.4,1,1,0
79200,18.99,90.0,18.99,84.5,1,1,0
79260,18.98,90.1,18.98,84.6,1,1,0
79320,18.97,90.1,18.97,84.6,1,1,0
79380,18.96,86.3,18.96,84.7,1,1,1
79440,18.95,86.3,18.95,84.7,1,1,1
79500,18.94,86.4,18.94,84.8,1,1,1
79560,18.93,86.4,18.93,84.8,1,1,1
79620,18.92,86.5,18.92,84.9,1,1,1
79680,18.91,86.5,18.91,84.9,1,1,1
79740,18.90,86.6,18.90,84.9,1,1,1
79800,18.89,86.6,18.89,85.0,1,1,1
79860,18.88,86.7,18.88,85.0,1,1,1
79920,18.87,86.7,18.87,85.1,1,1,1
79980,18.86,86.7,18.86,85.1,1,1,1
80040,18.85,86.8,18.85,85.2,1,1,1
80100,18.84,86.8,18.84,85.2,1,1,1
80160,18.83,90.8,18.83,85.3,1,1,0
80220,18.82,90.9,18.82,85.3,1,1,0
80280,18.81,90.9,18.81,85.4,1,1,0
80340,18.80,91.0,18.80,85.4,1,1,0
80400,18.79,91.0,18.79,85.5,1,1,0
80460,18.78,91.1,18.78,85.5,1,1,0
80520,18.77,91.1,18.77,85.6,1,1,0
80580,18.76,91.2,18.76,85.6,1,1,0
80640,18.75,91.2,18.75,85.6,1,1,0
80700,18.74,91.3,18.74,85.7,1,1,0
80760,18.73,91.3,18.73,85.7,1,1,0
80820,18.72,91.4,18.72,85.8,1,1,0
80880,18.71,91.4,18.71,85.8,1,1,0
80940,18.70,87.5,18.70,85.9,1,1,1
81000,18.68,87.6,18.68,85.9,1,1,1
81060,18.64,87.6,18.64,86.0,1,1,1
81120,18.61,87.7,18.61,86.1,1,1,1
81180,18.57,87.8,18.57,86.1,1,1,1
81240,18.54,87.9,18.54,86.2,1,1,1
81300,18.50,87.9,18.50,86.3,1,1,1
81360,18.46,88.0,18.46,86.4,1,1,1
81420,18.43,88.1,18.43,86.4,1,1,1
81480,18.39,88.2,18.39,86.5,1,1,1
81540,18.35,88.2,18.35,86.6,1,1,1
81600,18.32,88.3,18.32,86.6,1,1,1
81660,18.28,88.4,18.28,86.7,1,1,1
81720,18.24,92.5,18.24,86.8,1,1,0
81780,18.21,92.6,18.21,86.8,1,1,0
81840,18.17,92.7,18.17,86.9,1,1,0
81900,18.14,92.8,18.14,87.0,1,1,0
81960,18.10,92.9,18.10,87.0,1,1,0
82020,18.06,93.0,18.06,87.1,1,1,0
82080,18.03,93.0,18.03,87.2,1,1,0
82140,17.99,93.1,17.99,87.3,1,1,0
82200,17.95,93.2,17.95,87.3,1,1,0
82260,17.92,93.3,17.92,87.4,1,1,0
82320,17.88,93.4,17.88,87.5,1,1,0
82380,17.84,93.5,17.84,87.5,1,1,0
82440,17.81,93.5,17.81,87.6,1,1,0
82500,17.77,89.4,17.77,87.7,1,1,1
82560,17.73,89.5,17.73,87.7,1,1,1
82620,17.70,89.6,17.70,87.8,1,1,1
82680,17.66,89.6,17.66,87.9,1,1,1
82740,17.63,89.7,17.63,88.0,1,1,1
82800,17.59,89.8,17.59,88.0,1,1,1
82860,17.57,89.8,17.57,88.1,1,1,1
82920,17.55,89.9,17.55,88.1,1,1,1
82980,17.52,89.9,17.52,88.1,1,1,1
83040,17.50,89.9,17.50,88.2,1,1,1
83100,17.48,90.0,17.48,88.2,1,1,1
83160,17.45,90.0,17.45,88.3,1,1,1
83220,17.43,90.1,17.43,88.3,1,1,1
83280,17.40,94.4,17.40,88.3,1,1,0
83340,17.38,94.5,17.38,88.4,1,1,0
83400,17.36,94.5,17.36,88.4,1,1,0
83460,17.33,94.6,17.33,88.5,1,1,0
83520,17.31,94.6,17.31,88.5,1,1,0
83580,17.29,94.7,17.29,88.5,1,1,0
83640,17.26,94.7,17.26,88.6,1,1,0
83700,17.24,94.8,17.24,88.6,1,1,0
83760,17.22,94.8,17.22,88.7,1,1,0
83820,17.19,94.9,17.19,88.7,1,1,0
83880,17.17,94.9,17.17,88.7,1,1,0
83940,17.15,95.0,17.15,88.8,1,1,0
84000,17.12,95.0,17.12,88.8,1,1,0
84060,17.10,90.7,17.10,88.9,1,1,1
84120,17.08,90.7,17.08,88.9,1,1,1
84180,17.05,90.8,17.05,88.9,1,1,1
84240,17.03,90.8,17.03,89.0,1,1,1
84300,17.01,90.8,17.01,89.0,1,1,1
84360,16.98,90.9,16.98,89.1,1,1,1
84420,16.96,90.9,16.96,89.1,1,1,1
84480,16.93,91.0,16.93,89.1,1,1,1
84540,16.91,91.0,16.91,89.2,1,1,1
84600,16.89,91.0,16.89,89.2,1,1,1
84660,16.86,91.1,16.86,89.2,1,1,1
84720,16.84,91.1,16.84,89.3,1,1,1
84780,16.82,91.1,16.82,89.3,1,1,1
84840,16.79,91.1,16.79,89.3,1,1,1
84900,16.77,91.2,16.77,89.3,1,1,1
84960,16.75,91.2,16.75,89.3,1,1,1
85020,16.72,91.2,16.72,89.4,1,1,1
85080,16.70,91.2,16.70,89.4,1,1,1
85140,16.68,91.3,16.68,89.4,1,1,1
85200,16.65,91.3,16.65,89.4,1,1,1
85260,16.63,91.3,16.63,89.4,1,1,1
85320,16.61,91.3,16.61,89.5,1,1,1
85380,16.58,91.3,16.58,89.5,1,1,1
85440,16.56,91.4,16.56,89.5,1,1,1
85500,16.54,91.4,16.54,89.5,1,1,1
85560,16.51,91.4,16.51,89.5,1,1,1
85620,16.49,91.4,16.49,89.6,1,1,1
85680,16.47,91.5,16.47,89.6,1,1,1
85740,16.44,91.5,16.44,89.6,1,1,1
85800,16.42,91.5,16.42,89.6,1,1,1
85860,16.40,91.5,16.40,89.6,1,1,1
85920,16.37,91.6,16.37,89.7,1,1,1
85980,16.35,91.6,16.35,89.7,1,1,1
86040,16.33,91.6,16.33,89.7,1,1,1
86100,16.30,91.6,16.30,89.7,1,1,1
86160,16.28,91.6,16.28,89.7,1,1,1
86220,16.26,91.7,16.26,89.8,1,1,1
86280,16.23,91.7,16.23,89.8,1,1,1
86340,16.21,91.7,16.21,89.8,1,1,1
